{"cameraMode":{"drawMode":0,"name":"Shaded","section":"Shading Mode"},"sceneLighting":true,"audioPlay":false,"sceneViewState":{"showFog":true,"showMaterialUpdate":true,"showSkybox":true,"showFlares":true,"showImageEffects":true,"showParticleSystems":true},"in2DMode":false,"pivot":{"x":2.486454963684082,"y":-1.7479591369628907,"z":0.23193073272705079},"rotation":{"x":0.7324755191802979,"y":-0.02855580300092697,"z":0.030782310292124749,"w":0.6795011758804321},"size":28.76860237121582,"orthographic":false}